state,date,covidbeds,totalinpatientbeds
CW,9/10/20,39106,715375
CW,9/11/20,38085,716669
CW,9/12/20,37329,714291
CW,9/13/20,36948,708206
CW,9/14/20,37392,712517
CW,9/15/20,37866,711547
CW,9/16/20,37102,712376
CW,9/17/20,35795,714760
CW,9/18/20,35493,715606
CW,9/19/20,34991,713507
CW,9/20/20,34562,711083
CW,9/21/20,35603,712614
CW,9/22/20,36632,717686
CW,9/23/20,36228,720247
CW,9/24/20,36095,720927
CW,9/25/20,35905,721385
CW,9/26/20,35443,717708
CW,9/27/20,35340,715982
CW,9/28/20,36212,714957
CW,9/29/20,37366,717929
CW,9/30/20,36899,719954
CW,10/1/20,36727,722580
CW,10/2/20,36406,721492
CW,10/3/20,36313,719783
CW,10/4/20,37107,717337
CW,10/5/20,38666,719053
CW,10/6/20,40454,722669
CW,10/7/20,40753,722485
CW,10/8/20,40907,724259
CW,10/9/20,40470,728166
CW,10/10/20,39985,725869
DC,9/10/20,140,2834
DC,9/11/20,145,2854
DC,9/12/20,145,2789
DC,9/13/20,128,2788
DC,9/14/20,130,2845
DC,9/15/20,156,2850
DC,9/16/20,166,2852
DC,9/17/20,148,2850
DC,9/18/20,125,2847
DC,9/19/20,127,2817
DC,9/20/20,134,2796
DC,9/21/20,134,2807
DC,9/22/20,142,2843
DC,9/23/20,151,2906
DC,9/24/20,152,2888
DC,9/25/20,144,2880
DC,9/26/20,144,2802
DC,9/27/20,149,2778
DC,9/28/20,143,2854
DC,9/29/20,154,2833
DC,9/30/20,158,2901
DC,10/1/20,149,2857
DC,10/2/20,145,2878
DC,10/3/20,159,2878
DC,10/4/20,144,2819
DC,10/5/20,158,2892
DC,10/6/20,172,2878
DC,10/7/20,153,2892
DC,10/8/20,153,2920
DC,10/9/20,151,2907
DC,10/10/20,143,2922
AL,9/10/20,977,13934
AR,9/10/20,545,7779
CA,9/10/20,4029,60783
CT,9/10/20,166,8075
ID,9/10/20,147,3573
MD,9/10/20,747,10075
AL,9/11/20,958,14035
AR,9/11/20,495,7734
CA,9/11/20,3872,60944
CT,9/11/20,152,8077
ID,9/11/20,134,3605
MD,9/11/20,707,10168
AL,9/12/20,946,14055
AR,9/12/20,511,7706
CA,9/12/20,3756,60544
CT,9/12/20,153,8077
ID,9/12/20,138,3594
MD,9/12/20,743,10206
AL,9/13/20,928,14022
AR,9/13/20,453,7623
CA,9/13/20,3691,60260
CT,9/13/20,147,8079
ID,9/13/20,136,3570
MD,9/13/20,698,10135
AL,9/14/20,926,14029
AR,9/14/20,502,7706
CA,9/14/20,3720,60174
CT,9/14/20,168,8067
ID,9/14/20,129,3551
MD,9/14/20,707,10012
AL,9/15/20,919,14048
AR,9/15/20,469,7789
CA,9/15/20,3668,60778
CT,9/15/20,166,8072
ID,9/15/20,126,3561
MD,9/15/20,731,10111
AL,9/16/20,897,14091
AR,9/16/20,514,7859
CA,9/16/20,3626,60955
CT,9/16/20,181,8096
ID,9/16/20,132,3588
MD,9/16/20,725,10134
AL,9/17/20,866,14052
AR,9/17/20,506,7833
CA,9/17/20,3578,61055
CT,9/17/20,197,8100
ID,9/17/20,132,3604
MD,9/17/20,722,10168
AL,9/18/20,896,14169
AR,9/18/20,519,7841
CA,9/18/20,3487,60819
CT,9/18/20,168,8095
ID,9/18/20,141,3594
MD,9/18/20,713,10136
AL,9/19/20,927,14147
AR,9/19/20,494,7753
CA,9/19/20,3469,60881
CT,9/19/20,163,8104
ID,9/19/20,126,3589
MD,9/19/20,620,10085
AL,9/20/20,920,14118
AR,9/20/20,453,7736
CA,9/20/20,3493,60453
CT,9/20/20,150,8073
ID,9/20/20,139,3569
MD,9/20/20,656,10070
AL,9/21/20,933,14139
AR,9/21/20,512,7793
CA,9/21/20,3544,60469
CT,9/21/20,181,8073
ID,9/21/20,140,3566
MD,9/21/20,646,10038
AL,9/22/20,964,14147
AR,9/22/20,542,7827
CA,9/22/20,3569,61129
CT,9/22/20,214,8096
ID,9/22/20,126,3539
MD,9/22/20,669,10116
AL,9/23/20,897,14150
AR,9/23/20,555,7776
CA,9/23/20,3498,61287
CT,9/23/20,189,8106
ID,9/23/20,123,3564
MD,9/23/20,660,10241
AL,9/24/20,898,14164
AR,9/24/20,576,7868
CA,9/24/20,3327,61101
CT,9/24/20,186,8151
ID,9/24/20,117,3588
MD,9/24/20,677,10301
AL,9/25/20,877,14113
AR,9/25/20,572,7851
CA,9/25/20,3244,61411
CT,9/25/20,189,8124
ID,9/25/20,127,3585
MD,9/25/20,646,10251
AL,9/26/20,922,14037
AR,9/26/20,583,7788
CA,9/26/20,3165,61088
CT,9/26/20,201,8111
ID,9/26/20,128,3599
MD,9/26/20,629,10177
AL,9/27/20,894,14122
AR,9/27/20,484,7714
CA,9/27/20,3169,60143
CT,9/27/20,186,8125
ID,9/27/20,143,3595
MD,9/27/20,628,10170
AL,9/28/20,938,14130
AR,9/28/20,561,7774
CA,9/28/20,3250,60703
CT,9/28/20,208,8137
ID,9/28/20,135,3569
MD,9/28/20,672,10104
AL,9/29/20,945,14145
AR,9/29/20,597,7843
CA,9/29/20,3303,60994
CT,9/29/20,240,8127
ID,9/29/20,148,3573
MD,9/29/20,667,10360
AL,9/30/20,924,14107
AR,9/30/20,550,7882
CA,9/30/20,3240,61291
CT,9/30/20,205,8077
ID,9/30/20,142,3588
MD,9/30/20,677,10311
AL,10/1/20,888,14151
AR,10/1/20,601,7903
CA,10/1/20,3177,61347
CT,10/1/20,212,8085
ID,10/1/20,144,3572
MD,10/1/20,673,10388
AL,10/2/20,890,14113
AR,10/2/20,577,7856
CA,10/2/20,3135,61262
CT,10/2/20,205,8121
ID,10/2/20,144,3584
MD,10/2/20,653,10267
AL,10/3/20,884,14190
AR,10/3/20,596,7753
CA,10/3/20,3138,61057
CT,10/3/20,274,8092
ID,10/3/20,155,3549
MD,10/3/20,615,10131
AL,10/4/20,922,14064
AR,10/4/20,566,7720
CA,10/4/20,3170,60868
CT,10/4/20,221,8088
ID,10/4/20,159,3561
MD,10/4/20,631,10204
AL,10/5/20,897,14044
AR,10/5/20,612,7839
CA,10/5/20,3195,60845
CT,10/5/20,246,8072
ID,10/5/20,182,3543
MD,10/5/20,664,10163
AL,10/6/20,978,14157
AR,10/6/20,652,7876
CA,10/6/20,3214,61408
CT,10/6/20,260,8082
ID,10/6/20,182,3542
MD,10/6/20,742,10280
AL,10/7/20,933,14163
AR,10/7/20,664,7797
CA,10/7/20,3167,61657
CT,10/7/20,263,8091
ID,10/7/20,181,3577
MD,10/7/20,732,10303
AL,10/8/20,912,14158
AR,10/8/20,693,7818
CA,10/8/20,3206,61606
CT,10/8/20,292,8101
ID,10/8/20,182,3559
MD,10/8/20,758,10291
AL,10/9/20,947,14139
AR,10/9/20,670,7853
CA,10/9/20,3106,61596
CT,10/9/20,274,8114
ID,10/9/20,190,3581
MD,10/9/20,773,10071
AL,10/10/20,940,14221
AR,10/10/20,685,7733
CA,10/10/20,3097,60859
CT,10/10/20,274,8114
ID,10/10/20,183,3580
MD,10/10/20,767,10077
GA,9/10/20,2445,16822
IN,9/10/20,803,16157
KS,9/10/20,302,7131
LA,9/10/20,767,13050
MI,9/10/20,629,22144
GA,9/11/20,2408,16849
IN,9/11/20,802,16154
KS,9/11/20,304,7136
LA,9/11/20,729,13142
MI,9/11/20,605,22192
GA,9/12/20,2350,16879
IN,9/12/20,736,16101
KS,9/12/20,298,7124
LA,9/12/20,726,13087
MI,9/12/20,589,22039
GA,9/13/20,2397,16616
IN,9/13/20,836,16091
KS,9/13/20,301,7097
LA,9/13/20,709,13131
MI,9/13/20,632,21955
GA,9/14/20,2354,16858
IN,9/14/20,806,16111
KS,9/14/20,272,7106
LA,9/14/20,728,12914
MI,9/14/20,632,22101
GA,9/15/20,2358,16966
IN,9/15/20,790,16181
KS,9/15/20,296,7145
LA,9/15/20,722,13073
MI,9/15/20,616,22229
GA,9/16/20,2273,17056
IN,9/16/20,774,16178
KS,9/16/20,300,7123
LA,9/16/20,704,13073
MI,9/16/20,592,22235
GA,9/17/20,2225,17102
IN,9/17/20,783,16154
KS,9/17/20,309,7104
LA,9/17/20,692,13102
MI,9/17/20,588,22195
GA,9/18/20,2198,17010
IN,9/18/20,763,16168
KS,9/18/20,297,7076
LA,9/18/20,651,13020
MI,9/18/20,530,22239
GA,9/19/20,2182,16989
IN,9/19/20,732,15880
KS,9/19/20,307,7069
LA,9/19/20,604,13011
MI,9/19/20,548,21851
GA,9/20/20,2156,17051
IN,9/20/20,772,16162
KS,9/20/20,289,7065
LA,9/20/20,599,13050
MI,9/20/20,516,21843
GA,9/21/20,2196,18381
IN,9/21/20,754,16160
KS,9/21/20,301,7119
LA,9/21/20,607,12812
MI,9/21/20,560,21877
GA,9/22/20,2191,18426
IN,9/22/20,816,16159
KS,9/22/20,332,7125
LA,9/22/20,630,12978
MI,9/22/20,600,22060
GA,9/23/20,2170,18420
IN,9/23/20,837,16184
KS,9/23/20,347,7126
LA,9/23/20,610,13105
MI,9/23/20,608,22088
GA,9/24/20,2168,18414
IN,9/24/20,866,16162
KS,9/24/20,352,7154
LA,9/24/20,592,13074
MI,9/24/20,574,22056
GA,9/25/20,2141,18379
IN,9/25/20,916,16164
KS,9/25/20,360,7167
LA,9/25/20,582,13104
MI,9/25/20,553,21980
GA,9/26/20,2077,18342
IN,9/26/20,922,16145
KS,9/26/20,376,7148
LA,9/26/20,570,13178
MI,9/26/20,536,21845
GA,9/27/20,2022,18472
IN,9/27/20,962,16141
KS,9/27/20,375,7142
LA,9/27/20,602,13129
MI,9/27/20,582,21864
GA,9/28/20,1970,17181
IN,9/28/20,952,16128
KS,9/28/20,362,7141
LA,9/28/20,638,13079
MI,9/28/20,690,21830
GA,9/29/20,2038,17135
IN,9/29/20,968,16187
KS,9/29/20,360,7148
LA,9/29/20,632,13145
MI,9/29/20,696,22053
GA,9/30/20,2046,17531
IN,9/30/20,922,16189
KS,9/30/20,377,7145
LA,9/30/20,582,13118
MI,9/30/20,722,22144
GA,10/1/20,2008,17532
IN,10/1/20,971,16239
KS,10/1/20,371,7555
LA,10/1/20,588,13137
MI,10/1/20,733,22072
GA,10/2/20,1953,17499
IN,10/2/20,921,16234
KS,10/2/20,400,7565
LA,10/2/20,550,13133
MI,10/2/20,731,22052
GA,10/3/20,1953,17573
IN,10/3/20,956,16235
KS,10/3/20,402,7556
LA,10/3/20,533,13144
MI,10/3/20,706,21911
GA,10/4/20,1912,17545
IN,10/4/20,1019,16229
KS,10/4/20,396,7545
LA,10/4/20,563,13063
MI,10/4/20,752,21869
GA,10/5/20,1992,17440
IN,10/5/20,1083,16234
KS,10/5/20,416,7574
LA,10/5/20,613,13054
MI,10/5/20,840,21850
GA,10/6/20,1950,17133
IN,10/6/20,1090,16298
KS,10/6/20,435,7581
LA,10/6/20,588,13162
MI,10/6/20,887,21840
GA,10/7/20,1902,17174
IN,10/7/20,1118,16301
KS,10/7/20,442,7580
LA,10/7/20,591,13201
MI,10/7/20,907,21974
GA,10/8/20,1608,17147
IN,10/8/20,1181,16312
KS,10/8/20,452,7582
LA,10/8/20,596,13296
MI,10/8/20,938,21993
GA,10/9/20,1588,17180
IN,10/9/20,1192,16290
KS,10/9/20,464,7590
LA,10/9/20,608,13330
MI,10/9/20,949,21924
GA,10/10/20,1537,17284
IN,10/10/20,1233,16297
KS,10/10/20,452,7546
LA,10/10/20,571,13324
MI,10/10/20,880,21843
FL,9/10/20,4174,78321
FL,9/11/20,3999,78845
FL,9/12/20,3811,79363
FL,9/13/20,3714,79418
FL,9/14/20,3740,79301
FL,9/15/20,3748,74870
FL,9/16/20,3511,74741
FL,9/17/20,2779,74866
FL,9/18/20,2806,75802
FL,9/19/20,2729,75796
FL,9/20/20,2700,76037
FL,9/21/20,2678,75659
FL,9/22/20,2674,75804
FL,9/23/20,2596,75998
FL,9/24/20,2491,75728
FL,9/25/20,2439,75819
FL,9/26/20,2378,75376
FL,9/27/20,2434,75830
FL,9/28/20,2451,76085
FL,9/29/20,2543,75754
FL,9/30/20,2456,75526
FL,10/1/20,2436,75718
FL,10/2/20,2360,75647
FL,10/3/20,2342,75868
FL,10/4/20,2398,75958
FL,10/5/20,2462,75359
FL,10/6/20,2506,74175
FL,10/7/20,2478,74698
FL,10/8/20,2470,75474
FL,10/9/20,2467,75553
FL,10/10/20,2421,75466
AK,9/10/20,45,1177
IA,9/10/20,326,8212
AK,9/11/20,36,1176
IA,9/11/20,328,8135
AK,9/12/20,41,1166
IA,9/12/20,323,8140
AK,9/13/20,48,1166
IA,9/13/20,320,8131
AK,9/14/20,51,1669
IA,9/14/20,326,8150
AK,9/15/20,50,1673
IA,9/15/20,350,8143
AK,9/16/20,50,1673
IA,9/16/20,342,8147
AK,9/17/20,40,1673
IA,9/17/20,338,8140
AK,9/18/20,52,1663
IA,9/18/20,337,8126
AK,9/19/20,50,1561
IA,9/19/20,320,8127
AK,9/20/20,58,1567
IA,9/20/20,318,8137
AK,9/21/20,52,1573
IA,9/21/20,331,8128
AK,9/22/20,55,1574
IA,9/22/20,365,8121
AK,9/23/20,51,1574
IA,9/23/20,356,8131
AK,9/24/20,53,1574
IA,9/24/20,388,8121
AK,9/25/20,52,1574
IA,9/25/20,382,8125
AK,9/26/20,51,1574
IA,9/26/20,393,8134
AK,9/27/20,49,1574
IA,9/27/20,390,8132
AK,9/28/20,49,1574
IA,9/28/20,425,8135
AK,9/29/20,53,1579
IA,9/29/20,440,8130
AK,9/30/20,42,1508
IA,9/30/20,447,8135
AK,10/1/20,41,1508
IA,10/1/20,430,8114
AK,10/2/20,39,1508
IA,10/2/20,434,8141
AK,10/3/20,48,1508
IA,10/3/20,420,8142
AK,10/4/20,46,1508
IA,10/4/20,428,8144
AK,10/5/20,44,1510
IA,10/5/20,444,8138
AK,10/6/20,45,1510
IA,10/6/20,485,8140
AK,10/7/20,46,1510
IA,10/7/20,492,8146
AK,10/8/20,51,1510
IA,10/8/20,512,8142
AK,10/9/20,66,1545
IA,10/9/20,514,8147
AK,10/10/20,58,1545
IA,10/10/20,481,8131
CO,9/10/20,243,9737
CO,9/11/20,231,9732
CO,9/12/20,281,9689
CO,9/13/20,265,9695
CO,9/14/20,291,9707
CO,9/15/20,317,9750
CO,9/16/20,293,9772
CO,9/17/20,267,9767
CO,9/18/20,300,9749
CO,9/19/20,294,9726
CO,9/20/20,266,9748
CO,9/21/20,270,9757
CO,9/22/20,312,9766
CO,9/23/20,304,9775
CO,9/24/20,305,9759
CO,9/25/20,312,9775
CO,9/26/20,318,9768
CO,9/27/20,304,9764
CO,9/28/20,289,9753
CO,9/29/20,315,9758
CO,9/30/20,319,9738
CO,10/1/20,311,9687
CO,10/2/20,337,9711
CO,10/3/20,320,9722
CO,10/4/20,325,9691
CO,10/5/20,359,9666
CO,10/6/20,405,9722
CO,10/7/20,414,9722
CO,10/8/20,408,9746
CO,10/9/20,418,9698
CO,10/10/20,421,9637
AZ,9/10/20,569,10946
AZ,9/11/20,578,10886
AZ,9/12/20,561,10779
AZ,9/13/20,533,10942
AZ,9/14/20,531,10927
AZ,9/15/20,525,11001
AZ,9/16/20,553,10990
AZ,9/17/20,510,11083
AZ,9/18/20,503,11073
AZ,9/19/20,509,11044
AZ,9/20/20,485,11046
AZ,9/21/20,500,10937
AZ,9/22/20,562,11035
AZ,9/23/20,502,11108
AZ,9/24/20,508,11567
AZ,9/25/20,522,11573
AZ,9/26/20,502,11515
AZ,9/27/20,509,11535
AZ,9/28/20,520,11541
AZ,9/29/20,535,11584
AZ,9/30/20,578,11617
AZ,10/1/20,557,11703
AZ,10/2/20,573,11763
AZ,10/3/20,597,11987
AZ,10/4/20,632,11856
AZ,10/5/20,656,11877
AZ,10/6/20,665,11983
AZ,10/7/20,695,12072
AZ,10/8/20,707,11888
AZ,10/9/20,704,11377
AZ,10/10/20,718,11217
DE,9/10/20,94,2155
HI,9/10/20,225,1774
IL,9/10/20,1747,28321
KY,9/10/20,566,12135
MA,9/10/20,276,16280
ME,9/10/20,28,2823
MN,9/10/20,424,11258
MS,9/10/20,974,7524
DE,9/11/20,96,2162
HI,9/11/20,226,1751
IL,9/11/20,1671,28275
KY,9/11/20,612,12134
MA,9/11/20,271,16277
ME,9/11/20,28,2830
MN,9/11/20,384,11277
MS,9/11/20,964,7412
DE,9/12/20,91,2160
HI,9/12/20,217,1748
IL,9/12/20,1593,28172
KY,9/12/20,541,12118
MA,9/12/20,255,16252
ME,9/12/20,34,2826
MN,9/12/20,379,11056
MS,9/12/20,993,7356
DE,9/13/20,90,2141
HI,9/13/20,218,1747
IL,9/13/20,1617,28183
KY,9/13/20,529,12108
MA,9/13/20,244,16253
ME,9/13/20,27,2824
MN,9/13/20,385,10922
MS,9/13/20,1024,7340
DE,9/14/20,95,2118
HI,9/14/20,224,1752
IL,9/14/20,1676,28220
KY,9/14/20,542,12258
MA,9/14/20,264,16402
ME,9/14/20,24,2794
MN,9/14/20,409,10891
MS,9/14/20,950,7365
DE,9/15/20,90,2147
HI,9/15/20,221,1781
IL,9/15/20,1726,28278
KY,9/15/20,580,12134
MA,9/15/20,296,16417
ME,9/15/20,35,2829
MN,9/15/20,427,11067
MS,9/15/20,962,7414
DE,9/16/20,97,2156
HI,9/16/20,206,1780
IL,9/16/20,1718,28318
KY,9/16/20,540,12136
MA,9/16/20,316,16427
ME,9/16/20,38,2823
MN,9/16/20,388,11161
MS,9/16/20,912,7461
DE,9/17/20,84,2135
HI,9/17/20,221,1759
IL,9/17/20,1666,28302
KY,9/17/20,514,12137
MA,9/17/20,284,16423
ME,9/17/20,32,2823
MN,9/17/20,382,11190
MS,9/17/20,925,7452
DE,9/18/20,81,2284
HI,9/18/20,206,1744
IL,9/18/20,1620,28287
KY,9/18/20,510,12138
MA,9/18/20,300,16417
ME,9/18/20,41,2810
MN,9/18/20,454,11194
MS,9/18/20,912,7402
DE,9/19/20,92,2271
HI,9/19/20,208,1755
IL,9/19/20,1677,28195
KY,9/19/20,507,12132
MA,9/19/20,303,16409
ME,9/19/20,37,2779
MN,9/19/20,463,11021
MS,9/19/20,918,7311
DE,9/20/20,93,2268
HI,9/20/20,203,1752
IL,9/20/20,1665,28295
KY,9/20/20,490,12133
MA,9/20/20,297,16413
ME,9/20/20,38,2812
MN,9/20/20,370,10841
MS,9/20/20,916,7282
DE,9/21/20,100,2256
HI,9/21/20,195,1735
IL,9/21/20,1675,28334
KY,9/21/20,526,12115
MA,9/21/20,306,16413
ME,9/21/20,40,2802
MN,9/21/20,402,10966
MS,9/21/20,943,7340
DE,9/22/20,93,2281
HI,9/22/20,196,1757
IL,9/22/20,1780,28389
KY,9/22/20,553,12142
MA,9/22/20,291,16419
ME,9/22/20,34,2826
MN,9/22/20,466,11189
MS,9/22/20,906,7414
DE,9/23/20,95,2275
HI,9/23/20,188,1750
IL,9/23/20,1795,28498
KY,9/23/20,560,12140
MA,9/23/20,301,16437
ME,9/23/20,28,2818
MN,9/23/20,488,11271
MS,9/23/20,911,7414
DE,9/24/20,89,2281
HI,9/24/20,185,1753
IL,9/24/20,1775,28517
KY,9/24/20,565,12130
MA,9/24/20,312,16373
ME,9/24/20,30,2821
MN,9/24/20,510,11270
MS,9/24/20,902,7380
DE,9/25/20,100,2284
HI,9/25/20,168,1766
IL,9/25/20,1751,28412
KY,9/25/20,562,12262
MA,9/25/20,284,16387
ME,9/25/20,36,2800
MN,9/25/20,529,11236
MS,9/25/20,902,7375
DE,9/26/20,115,2280
HI,9/26/20,167,1775
IL,9/26/20,1694,28382
KY,9/26/20,542,12106
MA,9/26/20,334,16366
ME,9/26/20,29,2789
MN,9/26/20,522,11198
MS,9/26/20,870,6905
DE,9/27/20,115,2235
HI,9/27/20,175,1783
IL,9/27/20,1622,28376
KY,9/27/20,540,12126
MA,9/27/20,338,16372
ME,9/27/20,31,2781
MN,9/27/20,534,10997
MS,9/27/20,865,6870
DE,9/28/20,105,2354
HI,9/28/20,178,1791
IL,9/28/20,1651,28401
KY,9/28/20,574,12138
MA,9/28/20,338,16398
ME,9/28/20,26,2802
MN,9/28/20,544,11026
MS,9/28/20,872,7339
DE,9/29/20,106,2372
HI,9/29/20,166,1779
IL,9/29/20,1765,28396
KY,9/29/20,555,12135
MA,9/29/20,352,16396
ME,9/29/20,31,2822
MN,9/29/20,558,11149
MS,9/29/20,841,7388
DE,9/30/20,112,2393
HI,9/30/20,173,1793
IL,9/30/20,1776,28384
KY,9/30/20,540,12136
MA,9/30/20,353,16391
ME,9/30/20,34,2831
MN,9/30/20,537,11259
MS,9/30/20,852,7442
DE,10/1/20,126,2375
HI,10/1/20,149,1784
IL,10/1/20,1816,28380
KY,10/1/20,593,12134
MA,10/1/20,343,16404
ME,10/1/20,26,2817
MN,10/1/20,530,11271
MS,10/1/20,830,7433
DE,10/2/20,124,2390
HI,10/2/20,162,1785
IL,10/2/20,1716,28348
KY,10/2/20,618,12136
MA,10/2/20,347,16395
ME,10/2/20,27,2820
MN,10/2/20,507,11323
MS,10/2/20,831,7368
DE,10/3/20,123,2389
HI,10/3/20,155,1792
IL,10/3/20,1701,28217
KY,10/3/20,591,12213
MA,10/3/20,355,16335
ME,10/3/20,27,2823
MN,10/3/20,498,11273
MS,10/3/20,819,7296
DE,10/4/20,135,2317
HI,10/4/20,148,1791
IL,10/4/20,1840,28160
KY,10/4/20,578,12215
MA,10/4/20,386,16336
ME,10/4/20,30,2830
MN,10/4/20,516,11160
MS,10/4/20,858,7228
DE,10/5/20,139,2325
HI,10/5/20,141,1789
IL,10/5/20,1838,28244
KY,10/5/20,613,12132
MA,10/5/20,410,16360
ME,10/5/20,24,2826
MN,10/5/20,554,11141
MS,10/5/20,874,7322
DE,10/6/20,154,2360
HI,10/6/20,135,1778
IL,10/6/20,1949,28295
KY,10/6/20,691,12133
MA,10/6/20,420,16390
ME,10/6/20,26,2831
MN,10/6/20,602,11340
MS,10/6/20,892,7416
DE,10/7/20,155,2371
HI,10/7/20,132,1778
IL,10/7/20,1976,28406
KY,10/7/20,720,12130
MA,10/7/20,402,16430
ME,10/7/20,24,2881
MN,10/7/20,630,11480
MS,10/7/20,908,7389
DE,10/8/20,147,2381
HI,10/8/20,137,1762
IL,10/8/20,2006,28385
KY,10/8/20,702,12136
MA,10/8/20,414,16486
ME,10/8/20,24,2855
MN,10/8/20,648,11478
MS,10/8/20,910,7423
DE,10/9/20,171,2395
HI,10/9/20,116,1753
IL,10/9/20,1956,28358
KY,10/9/20,669,12138
MA,10/9/20,448,16650
ME,10/9/20,26,2850
MN,10/9/20,622,11469
MS,10/9/20,906,7399
DE,10/10/20,162,2372
HI,10/10/20,128,1756
IL,10/10/20,1948,28372
KY,10/10/20,651,12209
MA,10/10/20,427,16662
ME,10/10/20,20,2840
MN,10/10/20,601,11356
MS,10/10/20,872,7343
NV,9/10/20,485,7434
NV,9/11/20,500,7429
NV,9/12/20,462,7409
NV,9/13/20,495,7410
NV,9/14/20,507,7414
NV,9/15/20,515,7439
NV,9/16/20,491,7434
NV,9/17/20,474,7447
NV,9/18/20,464,7434
NV,9/19/20,451,7403
NV,9/20/20,456,7409
NV,9/21/20,449,7412
NV,9/22/20,491,7433
NV,9/23/20,472,7433
NV,9/24/20,478,7433
NV,9/25/20,455,7432
NV,9/26/20,437,7412
NV,9/27/20,463,7391
NV,9/28/20,462,7397
NV,9/29/20,477,7416
NV,9/30/20,485,7410
NV,10/1/20,482,7410
NV,10/2/20,466,7420
NV,10/3/20,478,7380
NV,10/4/20,469,7370
NV,10/5/20,496,7396
NV,10/6/20,509,7397
NV,10/7/20,506,7407
NV,10/8/20,485,7393
NV,10/9/20,516,7411
NV,10/10/20,529,7298
MT,9/10/20,128,2191
NJ,9/10/20,728,19355
MT,9/11/20,112,2228
NJ,9/11/20,703,19040
MT,9/12/20,103,2183
NJ,9/12/20,686,18865
MT,9/13/20,109,2176
NJ,9/13/20,623,18845
MT,9/14/20,109,2200
NJ,9/14/20,616,18854
MT,9/15/20,107,2257
NJ,9/15/20,648,19109
MT,9/16/20,107,2269
NJ,9/16/20,619,19014
MT,9/17/20,106,2295
NJ,9/17/20,602,19022
MT,9/18/20,114,2271
NJ,9/18/20,622,19059
MT,9/19/20,123,2229
NJ,9/19/20,600,18963
MT,9/20/20,122,2220
NJ,9/20/20,567,18786
MT,9/21/20,130,2225
NJ,9/21/20,602,19165
MT,9/22/20,142,2313
NJ,9/22/20,648,19011
MT,9/23/20,139,2286
NJ,9/23/20,635,18572
MT,9/24/20,150,2417
NJ,9/24/20,599,18578
MT,9/25/20,171,2437
NJ,9/25/20,609,18784
MT,9/26/20,178,2413
NJ,9/26/20,575,18688
MT,9/27/20,194,2400
NJ,9/27/20,567,18666
MT,9/28/20,207,2418
NJ,9/28/20,563,18712
MT,9/29/20,218,2460
NJ,9/29/20,586,18815
MT,9/30/20,236,2454
NJ,9/30/20,613,18844
MT,10/1/20,228,2450
NJ,10/1/20,594,18837
MT,10/2/20,220,2439
NJ,10/2/20,543,18646
MT,10/3/20,209,2419
NJ,10/3/20,524,18516
MT,10/4/20,228,2388
NJ,10/4/20,521,18410
MT,10/5/20,253,2409
NJ,10/5/20,576,18457
MT,10/6/20,240,2420
NJ,10/6/20,618,18764
MT,10/7/20,258,2441
NJ,10/7/20,664,18606
MT,10/8/20,261,2424
NJ,10/8/20,688,19261
MT,10/9/20,262,2393
NJ,10/9/20,677,18805
MT,10/10/20,267,2394
NJ,10/10/20,683,18794
NY,9/10/20,1628,45824
NY,9/11/20,1561,45819
NY,9/12/20,1639,45964
NY,9/13/20,1574,45879
NY,9/14/20,1529,45958
NY,9/15/20,1568,45563
NY,9/16/20,1504,45332
NY,9/17/20,1491,46088
NY,9/18/20,1518,45990
NY,9/19/20,1447,45748
NY,9/20/20,1395,45346
NY,9/21/20,1596,45677
NY,9/22/20,1698,45986
NY,9/23/20,1532,46001
NY,9/24/20,1508,46156
NY,9/25/20,1562,46101
NY,9/26/20,1540,46234
NY,9/27/20,1576,46109
NY,9/28/20,1599,46182
NY,9/29/20,1673,45739
NY,9/30/20,1768,45984
NY,10/1/20,1783,48046
NY,10/2/20,1752,47988
NY,10/3/20,1691,48188
NY,10/4/20,1800,47362
NY,10/5/20,1871,47956
NY,10/6/20,1977,48056
NY,10/7/20,1861,47874
NY,10/8/20,1888,48060
NY,10/9/20,1906,51628
NY,10/10/20,1942,52130
MO,9/10/20,940,17212
ND,9/10/20,108,2084
NE,9/10/20,212,4895
NH,9/10/20,27,2920
OR,9/10/20,198,6314
PR,9/10/20,431,8949
RI,9/10/20,85,1775
SD,9/10/20,94,1992
TX,9/10/20,4258,58529
VT,9/10/20,4,697
MO,9/11/20,976,17249
ND,9/11/20,118,2243
NE,9/11/20,201,4903
NH,9/11/20,30,2920
OR,9/11/20,180,6284
PR,9/11/20,410,8973
RI,9/11/20,81,1770
SD,9/11/20,103,2006
TX,9/11/20,4198,58628
VT,9/11/20,4,1178
MO,9/12/20,996,17176
ND,9/12/20,86,2071
NE,9/12/20,221,5294
NH,9/12/20,27,2920
OR,9/12/20,169,6172
PR,9/12/20,429,8992
RI,9/12/20,81,1774
SD,9/12/20,104,1995
TX,9/12/20,4152,57725
VT,9/12/20,3,1178
MO,9/13/20,954,17118
ND,9/13/20,107,2071
NE,9/13/20,216,5287
NH,9/13/20,27,2920
OR,9/13/20,177,6094
PR,9/13/20,403,8794
RI,9/13/20,82,1756
SD,9/13/20,107,1987
TX,9/13/20,4093,56900
VT,9/13/20,4,1177
MO,9/14/20,929,17147
ND,9/14/20,110,2068
NE,9/14/20,217,4892
NH,9/14/20,36,2920
OR,9/14/20,184,6150
PR,9/14/20,426,8867
RI,9/14/20,81,1718
SD,9/14/20,127,1995
TX,9/14/20,4092,57042
VT,9/14/20,6,1177
MO,9/15/20,990,17235
ND,9/15/20,123,2069
NE,9/15/20,205,4901
NH,9/15/20,34,2920
OR,9/15/20,208,6247
PR,9/15/20,418,8956
RI,9/15/20,85,1780
SD,9/15/20,136,2008
TX,9/15/20,4170,57621
VT,9/15/20,6,1177
MO,9/16/20,969,17236
ND,9/16/20,126,2075
NE,9/16/20,228,4914
NH,9/16/20,25,2920
OR,9/16/20,204,6308
PR,9/16/20,443,8966
RI,9/16/20,87,1753
SD,9/16/20,136,1992
TX,9/16/20,4111,57946
VT,9/16/20,4,1177
MO,9/17/20,1029,17243
ND,9/17/20,119,2084
NE,9/17/20,229,4945
NH,9/17/20,28,2920
OR,9/17/20,183,6305
PR,9/17/20,456,9039
RI,9/17/20,85,1974
SD,9/17/20,137,1985
TX,9/17/20,4030,58677
VT,9/17/20,1,1178
MO,9/18/20,992,17230
ND,9/18/20,136,2073
NE,9/18/20,225,4917
NH,9/18/20,30,2920
OR,9/18/20,182,6247
PR,9/18/20,454,8981
RI,9/18/20,81,1986
SD,9/18/20,143,1994
TX,9/18/20,3960,59227
VT,9/18/20,5,1178
MO,9/19/20,929,17202
ND,9/19/20,128,2077
NE,9/19/20,211,5357
NH,9/19/20,27,2920
OR,9/19/20,171,6227
PR,9/19/20,422,9090
RI,9/19/20,75,1981
SD,9/19/20,159,1988
TX,9/19/20,3996,58209
VT,9/19/20,3,1182
MO,9/20/20,946,17175
ND,9/20/20,136,2273
NE,9/20/20,204,5093
NH,9/20/20,38,2920
OR,9/20/20,184,6157
PR,9/20/20,404,8923
RI,9/20/20,79,1956
SD,9/20/20,149,1980
TX,9/20/20,4019,56955
VT,9/20/20,3,1182
MO,9/21/20,1014,17198
ND,9/21/20,140,2077
NE,9/21/20,217,4913
NH,9/21/20,33,2920
OR,9/21/20,185,6178
PR,9/21/20,408,8929
RI,9/21/20,87,1935
SD,9/21/20,168,1992
TX,9/21/20,4056,56593
VT,9/21/20,4,1184
MO,9/22/20,1025,17258
ND,9/22/20,169,2072
NE,9/22/20,234,4944
NH,9/22/20,40,2920
OR,9/22/20,199,6197
PR,9/22/20,378,8870
RI,9/22/20,92,1963
SD,9/22/20,180,1979
TX,9/22/20,4114,58321
VT,9/22/20,1,1182
MO,9/23/20,1050,18267
ND,9/23/20,150,2070
NE,9/23/20,251,4974
NH,9/23/20,38,2920
OR,9/23/20,211,6257
PR,9/23/20,387,8998
RI,9/23/20,92,1971
SD,9/23/20,181,1987
TX,9/23/20,4002,59172
VT,9/23/20,1,1178
MO,9/24/20,1075,18249
ND,9/24/20,152,2061
NE,9/24/20,253,4966
NH,9/24/20,41,2920
OR,9/24/20,221,6469
PR,9/24/20,382,8995
RI,9/24/20,96,1979
SD,9/24/20,181,1979
TX,9/24/20,3985,59138
VT,9/24/20,2,1180
MO,9/25/20,1105,18230
ND,9/25/20,174,2236
NE,9/25/20,243,4939
NH,9/25/20,35,2902
OR,9/25/20,202,6200
PR,9/25/20,369,9020
RI,9/25/20,96,1953
SD,9/25/20,198,1945
TX,9/25/20,4014,59456
VT,9/25/20,1,1178
MO,9/26/20,1077,18221
ND,9/26/20,165,2041
NE,9/26/20,269,4856
NH,9/26/20,46,2902
OR,9/26/20,205,6165
PR,9/26/20,356,9072
RI,9/26/20,100,1940
SD,9/26/20,202,1928
TX,9/26/20,4001,58475
VT,9/26/20,1,1182
MO,9/27/20,1071,18190
ND,9/27/20,167,1970
NE,9/27/20,260,4888
NH,9/27/20,47,2902
OR,9/27/20,225,6113
PR,9/27/20,362,8899
RI,9/27/20,102,1904
SD,9/27/20,190,1919
TX,9/27/20,3924,58258
VT,9/27/20,3,1184
MO,9/28/20,1086,18197
ND,9/28/20,188,1998
NE,9/28/20,259,4968
NH,9/28/20,42,2902
OR,9/28/20,207,6132
PR,9/28/20,366,8851
RI,9/28/20,103,1918
SD,9/28/20,199,1910
TX,9/28/20,3962,57189
VT,9/28/20,3,1184
MO,9/29/20,1160,18178
ND,9/29/20,186,1984
NE,9/29/20,274,5108
NH,9/29/20,38,2902
OR,9/29/20,205,6192
PR,9/29/20,368,8849
RI,9/29/20,102,1962
SD,9/29/20,198,1936
TX,9/29/20,4064,58540
VT,9/29/20,6,1184
MO,9/30/20,1117,18122
ND,9/30/20,204,1991
NE,9/30/20,281,5185
NH,9/30/20,35,2902
OR,9/30/20,204,6239
PR,9/30/20,351,8987
RI,9/30/20,92,1983
SD,9/30/20,203,1932
TX,9/30/20,3809,58807
VT,9/30/20,4,1179
MO,10/1/20,1126,18134
ND,10/1/20,196,2004
NE,10/1/20,292,5197
NH,10/1/20,40,2902
OR,10/1/20,228,6246
PR,10/1/20,338,9025
RI,10/1/20,99,1816
SD,10/1/20,213,1926
TX,10/1/20,3914,58483
VT,10/1/20,1,1178
MO,10/2/20,1126,18123
ND,10/2/20,202,1948
NE,10/2/20,300,5223
NH,10/2/20,37,2902
OR,10/2/20,218,6187
PR,10/2/20,371,9016
RI,10/2/20,98,1922
SD,10/2/20,211,1713
TX,10/2/20,3842,58441
VT,10/2/20,0,1177
MO,10/3/20,1088,18061
ND,10/3/20,186,1923
NE,10/3/20,309,5175
NH,10/3/20,46,2902
OR,10/3/20,292,6158
PR,10/3/20,366,9008
RI,10/3/20,96,1904
SD,10/3/20,220,1701
TX,10/3/20,3855,57839
VT,10/3/20,1,1181
MO,10/4/20,1075,18010
ND,10/4/20,182,1926
NE,10/4/20,308,5212
NH,10/4/20,46,2902
OR,10/4/20,316,6142
PR,10/4/20,345,8715
RI,10/4/20,98,1898
SD,10/4/20,238,1695
TX,10/4/20,3945,57242
VT,10/4/20,1,1181
MO,10/5/20,1149,18042
ND,10/5/20,198,1909
NE,10/5/20,317,5284
NH,10/5/20,49,2902
OR,10/5/20,227,6092
PR,10/5/20,328,9015
RI,10/5/20,97,1866
SD,10/5/20,246,1725
TX,10/5/20,4032,56425
VT,10/5/20,7,1179
MO,10/6/20,1200,18154
ND,10/6/20,210,1936
NE,10/6/20,326,5427
NH,10/6/20,44,2899
OR,10/6/20,238,6230
PR,10/6/20,348,8776
RI,10/6/20,102,1792
SD,10/6/20,258,1752
TX,10/6/20,4324,58158
VT,10/6/20,5,1181
MO,10/7/20,1302,18194
ND,10/7/20,234,1916
NE,10/7/20,342,5432
NH,10/7/20,45,2897
OR,10/7/20,230,6214
PR,10/7/20,503,8398
RI,10/7/20,113,1953
SD,10/7/20,280,1714
TX,10/7/20,4264,59227
VT,10/7/20,3,1181
MO,10/8/20,1294,18220
ND,10/8/20,204,1944
NE,10/8/20,360,5296
NH,10/8/20,42,2900
OR,10/8/20,226,6220
PR,10/8/20,514,8537
RI,10/8/20,110,1993
SD,10/8/20,264,1750
TX,10/8/20,4290,60238
VT,10/8/20,1,1176
MO,10/9/20,1270,18243
ND,10/9/20,242,2063
NE,10/9/20,344,5313
NH,10/9/20,35,2900
OR,10/9/20,255,6201
PR,10/9/20,384,8941
RI,10/9/20,116,1980
SD,10/9/20,259,1748
TX,10/9/20,4202,60720
VT,10/9/20,0,1160
MO,10/10/20,1283,18201
ND,10/10/20,222,1850
NE,10/10/20,335,5436
NH,10/10/20,45,2901
OR,10/10/20,256,6191
PR,10/10/20,363,8977
RI,10/10/20,114,1900
SD,10/10/20,257,1703
TX,10/10/20,4212,61124
VT,10/10/20,0,1182
NC,9/10/20,1293,21178
NC,9/11/20,1215,21157
NC,9/12/20,1142,21064
NC,9/13/20,1173,17310
NC,9/14/20,1260,20812
NC,9/15/20,1250,20878
NC,9/16/20,1166,20986
NC,9/17/20,1184,20968
NC,9/18/20,1123,20943
NC,9/19/20,1108,20909
NC,9/20/20,1100,20884
NC,9/21/20,1134,20983
NC,9/22/20,1144,21452
NC,9/23/20,1130,20961
NC,9/24/20,1220,20989
NC,9/25/20,1190,20985
NC,9/26/20,1172,21255
NC,9/27/20,1135,21128
NC,9/28/20,1237,21122
NC,9/29/20,1264,21192
NC,9/30/20,1248,21169
NC,10/1/20,1205,21217
NC,10/2/20,1240,21331
NC,10/3/20,1182,21270
NC,10/4/20,1273,21244
NC,10/5/20,1366,21198
NC,10/6/20,1390,21225
NC,10/7/20,1414,21293
NC,10/8/20,1391,21237
NC,10/9/20,1296,21219
NC,10/10/20,1384,20353
NM,9/10/20,101,3205
NM,9/11/20,102,3207
NM,9/12/20,100,3207
NM,9/13/20,91,3205
NM,9/14/20,102,3205
NM,9/15/20,97,3199
NM,9/16/20,96,3221
NM,9/17/20,100,3212
NM,9/18/20,102,3211
NM,9/19/20,88,3185
NM,9/20/20,106,3188
NM,9/21/20,123,3189
NM,9/22/20,114,3191
NM,9/23/20,109,3196
NM,9/24/20,120,3197
NM,9/25/20,109,3201
NM,9/26/20,123,3202
NM,9/27/20,121,3207
NM,9/28/20,118,3206
NM,9/29/20,130,3214
NM,9/30/20,120,3224
NM,10/1/20,135,3204
NM,10/2/20,152,3217
NM,10/3/20,158,3174
NM,10/4/20,150,3203
NM,10/5/20,147,3219
NM,10/6/20,168,3351
NM,10/7/20,162,3354
NM,10/8/20,176,3357
NM,10/9/20,181,3375
NM,10/10/20,181,3341
OH,9/10/20,1214,28010
OK,9/10/20,548,9161
PA,9/10/20,1014,25792
SC,9/10/20,782,9204
TN,9/10/20,964,15949
UT,9/10/20,152,4924
VA,9/10/20,1136,15733
WA,9/10/20,389,9432
WI,9/10/20,554,12422
OH,9/11/20,1163,27847
OK,9/11/20,558,9153
PA,9/11/20,1009,26015
SC,9/11/20,737,9133
TN,9/11/20,971,16036
UT,9/11/20,171,4918
VA,9/11/20,1060,15723
WA,9/11/20,378,9431
WI,9/11/20,574,12414
OH,9/12/20,1130,27888
OK,9/12/20,549,9120
PA,9/12/20,991,25634
SC,9/12/20,716,9097
TN,9/12/20,936,15906
UT,9/12/20,170,4949
VA,9/12/20,1013,15710
WA,9/12/20,375,9380
WI,9/12/20,586,12427
OH,9/13/20,1092,27856
OK,9/13/20,568,9084
PA,9/13/20,956,25527
SC,9/13/20,707,9109
TN,9/13/20,934,15897
UT,9/13/20,163,4922
VA,9/13/20,1029,15713
WA,9/13/20,364,9355
WI,9/13/20,583,12418
OH,9/14/20,1162,27886
OK,9/14/20,602,9110
PA,9/14/20,981,25609
SC,9/14/20,722,9103
TN,9/14/20,960,15875
UT,9/14/20,175,4909
VA,9/14/20,1090,15740
WA,9/14/20,371,9266
WI,9/14/20,571,12391
OH,9/15/20,1192,28110
OK,9/15/20,555,9137
PA,9/15/20,1047,25783
SC,9/15/20,763,9193
TN,9/15/20,980,15988
UT,9/15/20,142,4919
VA,9/15/20,1051,15744
WA,9/15/20,386,9422
WI,9/15/20,590,12407
OH,9/16/20,1143,28124
OK,9/16/20,557,9196
PA,9/16/20,1020,25852
SC,9/16/20,753,9191
TN,9/16/20,994,15923
UT,9/16/20,171,4944
VA,9/16/20,1044,15713
WA,9/16/20,380,9449
WI,9/16/20,614,12433
OH,9/17/20,1110,28127
OK,9/17/20,565,9206
PA,9/17/20,919,25733
SC,9/17/20,776,9205
TN,9/17/20,953,15939
UT,9/17/20,174,4935
VA,9/17/20,1026,16110
WA,9/17/20,405,9447
WI,9/17/20,559,12418
OH,9/18/20,1117,28044
OK,9/18/20,580,9194
PA,9/18/20,910,25729
SC,9/18/20,794,9188
TN,9/18/20,922,15941
UT,9/18/20,167,4954
VA,9/18/20,1034,16243
WA,9/18/20,384,9446
WI,9/18/20,561,12403
OH,9/19/20,1087,27864
OK,9/19/20,621,9088
PA,9/19/20,852,26910
SC,9/19/20,787,9038
TN,9/19/20,877,15771
UT,9/19/20,191,4887
VA,9/19/20,1013,16281
WA,9/19/20,393,9407
WI,9/19/20,580,12432
OH,9/20/20,1002,27858
OK,9/20/20,630,9068
PA,9/20/20,816,26806
SC,9/20/20,737,9004
TN,9/20/20,850,15750
UT,9/20/20,164,4905
VA,9/20/20,1048,16275
WA,9/20/20,399,9399
WI,9/20/20,583,12432
OH,9/21/20,1074,27904
OK,9/21/20,639,9256
PA,9/21/20,862,26893
SC,9/21/20,733,9044
TN,9/21/20,896,15814
UT,9/21/20,169,4898
VA,9/21/20,1011,16287
WA,9/21/20,434,9427
WI,9/21/20,644,12412
OH,9/22/20,1048,28137
OK,9/22/20,617,9353
PA,9/22/20,918,27041
SC,9/22/20,747,9078
TN,9/22/20,910,15824
UT,9/22/20,194,4951
VA,9/22/20,1006,16354
WA,9/22/20,451,9431
WI,9/22/20,731,12422
OH,9/23/20,1021,28120
OK,9/23/20,617,9680
PA,9/23/20,962,27148
SC,9/23/20,769,9093
TN,9/23/20,890,15834
UT,9/23/20,203,4929
VA,9/23/20,1073,16359
WA,9/23/20,442,9442
WI,9/23/20,786,12414
OH,9/24/20,1038,28176
OK,9/24/20,595,9643
PA,9/24/20,966,27081
SC,9/24/20,724,9131
TN,9/24/20,916,15819
UT,9/24/20,190,4967
VA,9/24/20,1070,16334
WA,9/24/20,446,9562
WI,9/24/20,815,12414
OH,9/25/20,1082,28108
OK,9/25/20,622,9632
PA,9/25/20,938,27101
SC,9/25/20,688,9106
TN,9/25/20,876,15840
UT,9/25/20,205,4944
VA,9/25/20,1046,16444
WA,9/25/20,432,9548
WI,9/25/20,830,12394
OH,9/26/20,1028,27958
OK,9/26/20,616,9593
PA,9/26/20,879,26859
SC,9/26/20,694,9071
TN,9/26/20,842,15822
UT,9/26/20,194,4939
VA,9/26/20,991,16427
WA,9/26/20,436,9419
WI,9/26/20,865,12347
OH,9/27/20,1083,27970
OK,9/27/20,612,9574
PA,9/27/20,861,26779
SC,9/27/20,652,9050
TN,9/27/20,872,15791
UT,9/27/20,211,4937
VA,9/27/20,1001,16425
WA,9/27/20,411,9400
WI,9/27/20,856,12354
OH,9/28/20,1111,27656
OK,9/28/20,641,9608
PA,9/28/20,934,26878
SC,9/28/20,656,9041
TN,9/28/20,898,15480
UT,9/28/20,217,4922
VA,9/28/20,1028,16432
WA,9/28/20,400,9389
WI,9/28/20,910,12419
OH,9/29/20,1171,27653
OK,9/29/20,677,9690
PA,9/29/20,1042,27032
SC,9/29/20,686,9095
TN,9/29/20,968,15872
UT,9/29/20,239,4927
VA,9/29/20,989,16444
WA,9/29/20,403,9380
WI,9/29/20,952,12474
OH,9/30/20,1184,28085
OK,9/30/20,672,9725
PA,9/30/20,1004,27259
SC,9/30/20,671,9084
TN,9/30/20,1004,15848
UT,9/30/20,244,4957
VA,9/30/20,966,16435
WA,9/30/20,366,9447
WI,9/30/20,979,12368
OH,10/1/20,1170,28059
OK,10/1/20,637,9722
PA,10/1/20,1014,27418
SC,10/1/20,642,9097
TN,10/1/20,995,15862
UT,10/1/20,233,4958
VA,10/1/20,942,16414
WA,10/1/20,360,9456
WI,10/1/20,904,12471
OH,10/2/20,1131,27960
OK,10/2/20,655,9651
PA,10/2/20,1023,27339
SC,10/2/20,652,9080
TN,10/2/20,996,15774
UT,10/2/20,212,4950
VA,10/2/20,980,16403
WA,10/2/20,365,9466
WI,10/2/20,967,12423
OH,10/3/20,1190,27915
OK,10/3/20,673,9611
PA,10/3/20,1025,27168
SC,10/3/20,616,8992
TN,10/3/20,962,15759
UT,10/3/20,214,4931
VA,10/3/20,935,16374
WA,10/3/20,377,9431
WI,10/3/20,972,12259
OH,10/4/20,1142,27851
OK,10/4/20,689,9621
PA,10/4/20,1011,27054
SC,10/4/20,612,8970
TN,10/4/20,1018,15702
UT,10/4/20,166,4918
VA,10/4/20,1012,17011
WA,10/4/20,362,9428
WI,10/4/20,1046,12313
OH,10/5/20,1260,27663
OK,10/5/20,726,9648
PA,10/5/20,1062,27197
SC,10/5/20,630,8983
TN,10/5/20,1092,15765
UT,10/5/20,205,4897
VA,10/5/20,1151,18904
WA,10/5/20,366,9462
WI,10/5/20,1084,12483
OH,10/6/20,1320,28195
OK,10/6/20,757,9829
PA,10/6/20,1122,27375
SC,10/6/20,689,9048
TN,10/6/20,1123,15845
UT,10/6/20,231,4919
VA,10/6/20,1200,18932
WA,10/6/20,412,9465
WI,10/6/20,1230,12463
OH,10/7/20,1416,28537
OK,10/7/20,751,9846
PA,10/7/20,1166,26814
SC,10/7/20,710,9067
TN,10/7/20,1139,15858
UT,10/7/20,231,4917
VA,10/7/20,1066,17046
WA,10/7/20,396,9454
WI,10/7/20,1261,12324
OH,10/8/20,1419,28293
OK,10/8/20,803,9841
PA,10/8/20,1204,26879
SC,10/8/20,708,9088
TN,10/8/20,1175,15831
UT,10/8/20,250,4907
VA,10/8/20,999,16426
WA,10/8/20,390,9461
WI,10/8/20,1365,12316
OH,10/9/20,1379,28677
OK,10/9/20,774,9784
PA,10/9/20,1252,27038
SC,10/9/20,699,9046
TN,10/9/20,1146,15837
UT,10/9/20,246,4887
VA,10/9/20,942,16280
WA,10/9/20,400,9492
WI,10/9/20,1386,12361
OH,10/10/20,1358,28496
OK,10/10/20,764,9781
PA,10/10/20,1130,26624
SC,10/10/20,667,8959
TN,10/10/20,1114,15792
UT,10/10/20,266,4894
VA,10/10/20,903,16249
WA,10/10/20,398,9444
WI,10/10/20,1342,12434
WV,9/10/20,218,5659
WV,9/11/20,207,5658
WV,9/12/20,218,5641
WV,9/13/20,210,5640
WV,9/14/20,207,5656
WV,9/15/20,220,5659
WV,9/16/20,232,5658
WV,9/17/20,233,5665
WV,9/18/20,231,5576
WV,9/19/20,215,5331
WV,9/20/20,216,5295
WV,9/21/20,224,5341
WV,9/22/20,227,5325
WV,9/23/20,238,5326
WV,9/24/20,240,5389
WV,9/25/20,222,5368
WV,9/26/20,237,5350
WV,9/27/20,228,5291
WV,9/28/20,233,5368
WV,9/29/20,235,5395
WV,9/30/20,221,5385
WV,10/1/20,207,5369
WV,10/2/20,223,5344
WV,10/3/20,228,5400
WV,10/4/20,220,5292
WV,10/5/20,211,5322
WV,10/6/20,220,5340
WV,10/7/20,232,5366
WV,10/8/20,220,5365
WV,10/9/20,232,5364
WV,10/10/20,227,5322
WY,9/10/20,27,1515
WY,9/11/20,30,1524
WY,9/12/20,33,1524
WY,9/13/20,35,1518
WY,9/14/20,29,1524
WY,9/15/20,34,1518
WY,9/16/20,29,1524
WY,9/17/20,33,1524
WY,9/18/20,32,1525
WY,9/19/20,32,1525
WY,9/20/20,30,1525
WY,9/21/20,46,1516
WY,9/22/20,36,1516
WY,9/23/20,28,1516
WY,9/24/20,35,1512
WY,9/25/20,41,1506
WY,9/26/20,44,1512
WY,9/27/20,45,1512
WY,9/28/20,43,1512
WY,9/29/20,45,1512
WY,9/30/20,54,1511
WY,10/1/20,47,1511
WY,10/2/20,43,1510
WY,10/3/20,52,1510
WY,10/4/20,61,1509
WY,10/5/20,65,1416
WY,10/6/20,72,1433
WY,10/7/20,81,1432
WY,10/8/20,74,1396
WY,10/9/20,73,1393
WY,10/10/20,73,1393